{"cameraMode":{"drawMode":0,"name":"Shaded","section":"Shading Mode"},"sceneLighting":true,"audioPlay":false,"sceneViewState":{"showFog":true,"showMaterialUpdate":false,"showSkybox":true,"showFlares":true,"showImageEffects":true,"showParticleSystems":true},"in2DMode":false,"pivot":{"x":-4.078998565673828,"y":1.7822952270507813,"z":8.616722106933594},"rotation":{"x":0.4096600115299225,"y":-0.268237441778183,"z":0.12739624083042146,"w":0.8625536561012268},"size":82.38810729980469,"orthographic":false}