{"cameraMode":{"drawMode":0,"name":"Shaded","section":"Shading Mode"},"sceneLighting":false,"audioPlay":false,"sceneViewState":{"showFog":true,"showMaterialUpdate":false,"showSkybox":false,"showFlares":true,"showImageEffects":true,"showParticleSystems":true},"in2DMode":false,"pivot":{"x":3.510716438293457,"y":1.1166000366210938,"z":1.771512508392334},"rotation":{"x":0.4096600115299225,"y":-0.268237441778183,"z":0.12739624083042146,"w":0.8625536561012268},"size":16.119075775146486,"orthographic":false}